# CYD (ESP32_2432S028R/_2USB) mit Update per WLAN: wie huge_app.csv, nur der 3-MB-App-Bereich ist
# in zwei OTA-Slots zu je 1,5 MB geteilt. nvs, otadata, spiffs und coredump liegen unverändert,
# damit WLAN-Daten, Statistik und Pool-/Wallet-Konfiguration beim Umstellen erhalten bleiben.
# Name,   Type, SubType,  Offset,   Size,     Flags
nvs,      data, nvs,      0x9000,   0x5000,
otadata,  data, ota,      0xe000,   0x2000,
app0,     app,  ota_0,    0x10000,  0x180000,
app1,     app,  ota_1,    0x190000, 0x180000,
spiffs,   data, spiffs,   0x310000, 0xE0000,
coredump, data, coredump, 0x3F0000, 0x10000,
